"gfacello","1973-09-02","Georgi","Facello","M","2001-06-26"
"bsimmel","1984-06-02","Bezalel","Simmel","F","2001-11-21"
"pbamford","1979-12-03","Parto","Bamford","M","2002-08-28"
"ckoblick","1974-05-01","Chirstian","Koblick","M","2010-12-01"
"kmaliniak","1975-01-21","Kyoichi","Maliniak","M","2011-09-12"
"apresuig","1973-04-20","Anneke","Preusig","F","2007-06-02"
"tzielinski","1977-05-23","Tzvetan","Zielinski","F","2016-02-10"
"skalloufi","1978-02-19","Saniya","Kalloufi","M","2002-09-15"
"speac","1972-04-19","Sumant","Peac","F","2003-02-18"
"dpiveteau","1983-06-01","Duangkaew","Piveteau","F","1999-08-24"
"msluis","1983-11-07","Mary","Sluis","F","2017-01-22"
"pbridgland","1980-10-04","Patricio","Bridgland","M","2011-12-18"
"eterkki","1983-06-07","Eberhardt","Terkki","M","2015-10-20"